Nombre Completo;Grupos;Técnico a cargo;Visible en la interfaz del Helpdesk;Visible para una solicitud;Visible para un incidente;Visible para un problema;Visible para un cambio;ID;Código que representa la categoría del caso
MDH;;;Si;Si;Si;Si;Si;;
MDH > Problema al modificar la DUA posterior a la aceptación;;;Si;Si;Si;Si;Si;;
MDH > Problemas al Guardar / Almacenar;;;Si;Si;Si;Si;Si;;
MDH > Problemas Asociados a la Infraestructura IT (Oculta);;;Si;Si;Si;Si;Si;;
MDH > Problemas Asociados a la Selectividad;;;Si;Si;Si;Si;Si;;
MDH > Problemas con el cálculo de la Liquidación;;;Si;Si;Si;Si;Si;;
MDH > Problemas con Llenado y Aceptación;;;Si;Si;Si;Si;Si;;
MDH > Problemas de Acceso;;;Si;Si;Si;Si;Si;;
MDH > Problemas de Anotación de Salida;;;Si;Si;Si;Si;Si;;
MDH > Problemas de Asociación de Documentos LPCO;;;Si;Si;Si;Si;Si;;
MDH > Problemas de Pago;;;Si;Si;Si;Si;Si;;
MDH > Problemas desarrollador API;;;Si;Si;Si;Si;Si;;
MDH > Consulta sobre el Manual de Procedimientos Aduaneros;;;Si;Si;Si;Si;Si;;
MDH > Problemas en el proceso de rectificacion;;;Si;Si;Si;Si;Si;;
MDH > Problemas en la Firma Digital;;;Si;Si;Si;Si;Si;;
MDH > Problemas en Proceso de Levante;;;Si;Si;Si;Si;Si;;
MDH > Problemas en Proceso de Tránsito;;;Si;Si;Si;Si;Si;;
MDH > Problema al modificar la DUA posterior a la aceptación > No permite modificar un campo;;;Si;No;Si;Si;Si;;
MDH > Problema al modificar la DUA posterior a la aceptación > Permite modificar un campo, pero no se refleja el ajuste;;;Si;No;Si;Si;Si;;
MDH > Problemas al Guardar / Almacenar > Problemas al intentar guardar o recuperar borradores/versiones de la DUA;;;Si;No;Si;Si;Si;;
MDH > Problemas Asociados a la Infraestructura IT (Oculta) > Escalabilidad: Se determina que el problema le corresponde resolverlo a la DTIC a nivel Infraestructura IT;;;Si;No;Si;Si;Si;;
MDH > Problemas Asociados a la Selectividad > Problema Técnico a la hora del crear una regla.  (Los usuarios serán la DGR);;;Si;No;Si;Si;Si;;
MDH > Problemas Asociados a la Selectividad > No se generó el Levante automático;;;Si;No;Si;Si;Si;;
MDH > Problemas Asociados a la Selectividad > No se visualiza el aforador asignado;;;Si;No;Si;Si;Si;;
MDH > Problemas Asociados a la Selectividad > Problemas con la notificación recibida por correo;;;Si;No;Si;Si;Si;;
MDH > Problemas Asociados a la Selectividad > Problemas con las observaciones;;;Si;No;Si;Si;Si;;
MDH > Problemas Asociados a la Selectividad > Problemas en el enrutamiento del DUA;;;Si;No;Si;Si;Si;;
MDH > Problemas Asociados a la Selectividad > Problemas en la reasignación de DUAs;;;Si;No;Si;Si;Si;;
MDH > Problemas Asociados a la Selectividad > Problemas técnicos por parte del aforador;;;Si;Si;No;Si;Si;;
MDH > Problemas Asociados a la Selectividad > Se detecta un problema en la regla o se requiere ajustar la regla.  (Ej: Regla mal hecha, bajar la selectividad);;;Si;Si;No;Si;Si;;
MDH > Problemas Asociados a la Selectividad > Dificultades relacionadas al proceso de impugnación sobre el aforo realizado;;;Si;No;Si;Si;Si;;
MDH > Problemas Asociados a la Selectividad > Problemas asociados a la selección o cargas de trabajo y asignación de aforador;;;Si;No;Si;Si;Si;;
MDH > Problemas con el cálculo de la Liquidación > Error en el cálculo de la liquidación;;;Si;No;Si;Si;Si;;
MDH > Problemas con el cálculo de la Liquidación > Se determina que el error esta en ATENA  (endopint de API);;;Si;No;Si;Si;Si;;
MDH > Problemas con el cálculo de la Liquidación > Escalamiento: Error en tipo de cambio, verificar interoperabilidad con BCCR;;;Si;No;Si;Si;Si;;
MDH > Problemas con el cálculo de la Liquidación > Escalamiento: Se evidencia un error en la fórmula o incisos arancelarios sin actualizar;;;Si;No;Si;Si;Si;;
MDH > Problemas con el cálculo de la Liquidación > Se determina que el error esta en el API del cliente que generó el DUA, se insta a comunicarse con su proveedor;;;Si;No;Si;Si;Si;;
MDH > Problemas con Llenado y Aceptación > No existe claridad sobre el error que genera el sistema;;;Si;No;Si;Si;Si;;
MDH > Problemas con Llenado y Aceptación > El sistema no acepta la declaración o la acepta y no numera.;;;Si;No;Si;Si;Si;;
MDH > Problemas con Llenado y Aceptación > El sistema no permite editar el DUA después de haberlo guardado;;;Si;No;Si;Si;Si;;
MDH > Problemas con Llenado y Aceptación > Faltan opciones en un combo box;;;Si;No;Si;Si;Si;;
MDH > Problemas con Llenado y Aceptación > Consulta sobre llenado de un campo específico;;;Si;Si;No;Si;Si;;
MDH > Problemas de Acceso > No se puede ingresar a Atena  (error de autenticación, plataforma no disponible).;;;Si;No;Si;Si;Si;;
MDH > Problemas de Acceso > Problemas con la asignación de perfiles;;;Si;No;Si;Si;Si;;
MDH > Problemas de Acceso > Problemas con el Perfil asignado;;;Si;No;Si;Si;Si;;
MDH > Problemas de Acceso > Autorización de cuentas de Usuario;;;Si;Si;No;Si;Si;;
MDH > Problemas de Acceso > Escalabilidad: Restablecimiento de contraseña por olvido o bloqueo;;;Si;Si;No;Si;Si;;
MDH > Problemas de Anotación de Salida > El sistema no permite registrar la salida efectiva de la mercancía;;;Si;No;Si;Si;Si;;
MDH > Problemas de Anotación de Salida > En segmento Boletín de Liquidación no se genera el link para generar la anotación de salida;;;Si;No;Si;Si;Si;;
MDH > Problemas de Asociación de Documentos LPCO > Consultar sobre el tipo de documento LPCO requerido para una operación específica.;;;Si;No;Si;Si;Si;;
MDH > Problemas de Asociación de Documentos LPCO > Error  al intentar adjuntar, vincular o visualizar un documento LPCO.;;;Si;No;Si;Si;Si;;
MDH > Problemas de Asociación de Documentos LPCO > Escalabilidad: Falla en la conexión de interoperabilidad de ATENA con el organismo emisor del LPCO.  (Problemas endpoint);;;Si;No;Si;Si;Si;;
MDH > Problemas de Asociación de Documentos LPCO > Se detectan problemas de validación al asociar un LPCO;;;Si;No;Si;Si;Si;;
MDH > Problemas de Asociación de Documentos LPCO > LPCO aprobado por organismo emisor pero no esta en ATENA;;;Si;No;Si;Si;Si;;
MDH > Problemas de Asociación de Documentos LPCO > Problemas al solicitar un permiso en el módulo LPCO;;;Si;No;Si;Si;Si;;
MDH > Problemas de Asociación de Documentos LPCO > Problemas en el módulo LPCO al aprobar un permiso  (Usuario: DGT - Estadística y Registro  o Aduanas);;;Si;No;Si;Si;Si;;
MDH > Problemas de Asociación de Documentos LPCO > Problemas en el módulo LPCO con el registro del permiso por parte del ente emisor.  (Ejemplo Ministerio de Seguridad, OFINASE, que no usan ninguna plataforma);;;Si;No;Si;Si;Si;;
MDH > Problemas de Asociación de Documentos LPCO > Escalabilidad: Se determina problemas en la digitación del permiso aprobado en el módulo LPCO por parte del ente emisor.  (Ejemplo Ministerio de Seguridad, OFINASE);;;Si;No;Si;Si;Si;;
MDH > Problemas de Asociación de Documentos LPCO > Escalabilidad: Se detecta que el problema de interoperabilidad esta del lado de las instituciones y no del Consorcio;;;Si;No;Si;Si;Si;;
MDH > Problemas de Acceso > Solicitud y asignación de Perfil de Acceso;;;Si;Si;No;Si;Si;;
MDH > Problemas de Asociación de Documentos LPCO > Permiso solicitado en el módulo LPCO pendiente de aprobación por autoridad Aduanera;;;Si;No;Si;Si;Si;;
MDH > Problemas de Asociación de Documentos LPCO > Escalabilidad: Se determina que documento de identidad no esta registrado en ATENA;;;Si;No;Si;Si;Si;;
MDH > Problemas de Asociación de Documentos LPCO > Escalabilidad: Se determina que el problema le corresponde resolverlo a la DTIC;;;Si;No;Si;Si;Si;;
MDH > Problemas de Pago > Problemas con el envío, respuesta o visualización del  pago;;;Si;No;Si;Si;Si;;
MDH > Problemas de Pago > Problemas de anulación del DUA;;;Si;No;Si;Si;Si;;
MDH > Problemas de Pago > Problemas con la cuenta bancaria;;;Si;No;Si;Si;Si;;
MDH > Problemas de Pago > Problemas para registrar la cuenta bancaria de un usuario en ATENA;;;Si;No;Si;Si;Si;;
MDH > Problemas de Pago > Escalamiento: Requiere registrar la cuenta bancaria a un usuario;;;Si;No;Si;Si;Si;;
MDH > Problemas de Pago > Escalamiento al Banco Central para validación técnica hasta conseguir la solución;;;Si;No;Si;Si;Si;;
"MDH > Problemas de Pago > Escalamiento al area Técnica del MdH para validar si los servicios de API REST ""tesoro digital"" (Ej: Web Banking, SINPE) esta operativo";;;Si;No;Si;Si;Si;;
MDH > Problemas desarrollador API > Falla en el metódo de autenticación o token API;;;Si;No;Si;Si;Si;;
MDH > Consulta sobre el Manual de Procedimientos Aduaneros > Consultas sobre el Manual de Procedimientos Aduaneros o Circulares, Directrices y Resoluciones recientes sobre ajustes al procedimiento en ATENA;;;Si;Si;No;Si;Si;;
MDH > Problemas desarrollador API > Falla en la integración o problemas con el API;;;Si;No;Si;Si;Si;;
MDH > Consulta sobre el Manual de Procedimientos Aduaneros > Escalamiento solo cuando existen consultas sobre el manual de procedimientos aduaneros, LGA - Ley General de Aduanas,  RLGA - Reglamento Ley General de Aduanas o novedades sobre Circulares o Directrices (> 1 semana);;;Si;Si;No;Si;Si;;
MDH > Problemas desarrollador API > Consultas sobre documentación del API;;;Si;Si;No;Si;Si;;
MDH > Problemas en el proceso de rectificacion > Se están definiendo las politicas de rectificación, después de confirmación;;;Si;No;Si;Si;Si;;
MDH > Problemas en la Firma Digital > Problemas para firmar digitalmente en ATENA;;;Si;No;Si;Si;Si;;
MDH > Problemas en la Firma Digital > Se detecta que el error es externo, se sensibiliza a contactar a su proveedor de firma digital;;;Si;No;Si;Si;Si;;
"MDH > Problemas en la Firma Digital > Escalamiento al area Técnica del MdH para validar si la plataforma ""hacienda autentica"" esta operativa";;;Si;No;Si;Si;Si;;
MDH > Problemas en Proceso de Levante > El sistema no genera la autorización de levante;;;Si;No;Si;Si;Si;;
MDH > Problemas en Proceso de Levante > Escalamiento: Se determina problema de interoperabilidad es de ATENA;;;Si;No;Si;Si;Si;;
MDH > Problemas en Proceso de Levante > Escalamiento: Se determina problema de interoperabilidad es del Puerto;;;Si;No;Si;Si;Si;;
MDH > Problemas en Proceso de Tránsito > Problemas al tratar de dar inicio o fin al  tránsito, o no actualización del estado de la DUA;;;Si;No;Si;Si;Si;;
MDH > Problemas en Proceso de Tránsito > Problemas al tratar de modificar datos de tránsito;;;Si;No;Si;Si;Si;;
MDH > Problemas en Proceso de Tránsito > El sistema no generó el comprobante de movilización;;;Si;No;Si;Si;Si;;
MDH > Problemas en Proceso de Tránsito > El sistema no muestra la opción de Generar Tránsito (T1);;;Si;No;Si;Si;Si;;
MDH > Problemas en Proceso de Tránsito > El sistema no permite realizar la operación de agrupar DUAS para generar un solo Tránsito (T1);;;Si;No;Si;Si;Si;;
MDH > Problemas en Proceso de Tránsito > Imposibilidad de imprimir el comprobante de movilización;;;Si;No;Si;Si;Si;;
MDH > Problemas en Proceso de Tránsito > Problemas para revisar una incidencia en tránsito y actualización de los estados  (Usuario: Aduana);;;Si;No;Si;Si;Si;;
MDH > Problemas en Proceso de Tránsito > Imposibilidad de reportar incidencias en carretera  Ejemplo: ocurrió el incidente y el usuario no sabe que hacer o no se le habilitó la funcionalidad de registrar incidencias;;;Si;Si;No;Si;Si;;
MDH > Problemas en Proceso de Tránsito > Incidencia pendiente de autorización por parte de la Aduana;;;Si;No;Si;Si;Si;;
MDH > Problemas de Acceso > La solicitud Implica Activación Usuario Contingencia Mesa valida que la solicitud venga con el documento de identidad adjunto por ambos lados.;;;Si;Si;No;Si;Si;;
MDH > Problemas de Acceso > La solicitud Implica Activación Usuario Contingencia DGA valorar si corresponde;;;Si;Si;No;Si;Si;;
MDH > Problemas de Acceso > La solicitud Implica Activación Usuario Contingencia DTIC Notifica al solicitante con el usuario y contraseña;;;Si;Si;No;Si;Si;;
